{"parts": {"front hair": {"xyxy": [365, 195, 614, 421], "tag": "front hair", "part_id": 0, "depth_median": 0.1921568661928177}, "back hair": {"xyxy": [375, 257, 757, 725], "tag": "back hair", "part_id": 1, "depth_median": 0.9450980424880981}, "face": {"xyxy": [426, 223, 591, 425], "tag": "face", "part_id": 2, "depth_median": 0.48235294222831726}, "ears": {"xyxy": [553, 314, 591, 375], "tag": "ears", "part_id": 3, "depth_median": 0.483352929353714}, "topwear": {"xyxy": [367, 377, 757, 729], "tag": "topwear", "part_id": 4, "depth_median": 0.5568627715110779}, "handwear": {"xyxy": [330, 409, 714, 693], "tag": "handwear", "part_id": 5, "depth_median": 0.05098039284348488}, "legwear": {"xyxy": [391, 570, 599, 768], "tag": "legwear", "part_id": 6, "depth_median": 0.686274528503418}, "footwear": {"xyxy": [368, 712, 598, 806], "tag": "footwear", "part_id": 7, "depth_median": 0.7058823704719543}, "objects": {"xyxy": [204, 467, 714, 741], "tag": "objects", "part_id": 8, "depth_median": 0.8588235378265381}}, "frame_size": [1024, 1024]}