{"parts": {"front hair": {"xyxy": [340, 147, 380, 207], "tag": "front hair", "part_id": 0, "depth_median": 0.007843137718737125}, "back hair": {"xyxy": [235, 69, 567, 547], "tag": "back hair", "part_id": 1, "depth_median": 0.8196078538894653}, "nose": {"xyxy": [358, 197, 376, 211], "tag": "nose", "part_id": 2, "depth_median": 0.2862745225429535}, "topwear": {"xyxy": [275, 284, 467, 510], "tag": "topwear", "part_id": 3, "depth_median": 0.5372549295425415}, "handwear": {"xyxy": [247, 305, 536, 521], "tag": "handwear", "part_id": 4, "depth_median": 0.027450980618596077}, "legwear": {"xyxy": [293, 409, 448, 574], "tag": "legwear", "part_id": 5, "depth_median": 0.686274528503418}, "footwear": {"xyxy": [276, 545, 448, 605], "tag": "footwear", "part_id": 6, "depth_median": 0.6941176652908325}, "objects": {"xyxy": [152, 426, 309, 556], "tag": "objects", "part_id": 7, "depth_median": 0.8745098114013672}}, "frame_size": [768, 768]}